NAME,ARTIST,URL,COVER
宿星のガールフレンド３,mirai,,
宿星のガールフレンド,mirai,,
夏恋花火,40mP,,
ETERNAL DRAIN,Colorful Sounds Port,,
君と誰かの優しさに,senya,,
ニヒル神楽,senya,,
Moonlight of Sand Castle,旅人E,,
Oracle,TQ☆,,
Cross soul,HyuN,,
Astral tale,Noah,,
Hazukashigariya no Toy Soldier,AAAA,,
アスノヨゾラ哨戒班,Orangestar,,
MELODY FLAG,水瀬いのり,,
fortissimo -from insanity affection-,fripSide,,
灼熱のユートピア,Xceon,,
Scarlet Faith,仲村芽衣子,,
Ultimate Fate,Jun Kuroda,,
惑星☆ロリポップ,Nana Takahashi,,
Endless Tears,中村舞子,,
Alice in Rosso,fripSide,,
Ikenai Borderline,Mikumo,,
Paranoia,Umeri,,
夜に駆ける,YOASOBI,,
Flesvelka,Grand Thaw,,
Grad Erlija,Grand Thaw,,
Äventyr,Grand Thaw,,
